Product Name,Qty,Exclusive Offer
AACTARIL SOPA 75G - 1S,72,
ABDOMINAL BELT - 42 - 1S,1,
ABDOMINAL BELT - 42 - 1S,1,
ABDOMINAL BELT -36 - 1S,1,
ABZORB POWDER 100G - 1S,4,
ACEFLAM P TAB - 1S,10,
ACILOC 150MG TAB - 1S,4,
ACILOC 300MG TAB - 1S,3,
ACITROM 1MG TAB - 1S,1,
ACITROM 1MG TAB - 1S,1,
ACITROM 2MG TAB - 1S,2,
ACNESTAL SOAP 75G - 1S,2,
ACNESTAR GEL 22G - 1S,2,
ACNESTAR SOAP 75G - 1S,1,
ACNIL SOAP 75G - 1S,6,
ACON PREGNANCY TEST CARD - 1S,20,
ACTON OR TAB - 1S,2,
AEROCORT FORTE ROTACAP 30G - 1S,1,
AEROCORT INHALER 200MD - 1S,5,
AEROCORT ROTACAP 30S - 1S,1,
AEROCORT ROTACAPS 60S - 1S,7,
AFOGLIP 20MG TAB - 1S,3,
AFOGLIP 20MG TAB - 1S,1,
AGINAL AT TAB - 1S,3,
AGINAL AT TAB - 1S,3,
ALASPAN TAB - 1S,1,
ALDACTONE 25MG TAB - 1S,12,4+1
ALDACTONE 50MG - 1S,5,
ALDAY TAB - 1S,12,
ALEX LOZENGES - 1S,10,
ALEX SYP 100ML - 1S,1,
ALKOF CAPS - 1S,2,5+1
ALKOF CAPS - 1S,2,
ALKOF DX 60ML SYP - 1S,1,
ALKOF PLUS SYP 60ML - 1S,2,
ALKOF SYP 100ML ORANGE - 1S,2,
ALLEGRA 120MG TAB - 1S,1,
ALLERCET TAB - 1S,5,
ALMOX 250MG CAPS - 1S,14,7+1
ALMOX 500MG CAPS - 1S,8,
ALPHAGAN Z 0.1% EYE DROPS - 1S,0,
ALTHROCIN 500MG - 1S,2,
AMBROLITE D SYP 100ML - 1S,5,
AMBROLITE S SYP 100ML - 1S,2,
AMLACE TAB - 1S,0,
AMLO CB 2.5MG - 1S,4,
AMLODAC 5MG - 1S,5,
AMLODAC 5MG - 1S,5,
AMLOKIND AT TAB - 1S,12,
AMLOKIND AT TAB - 1S,4,
AMLONG 2.5MG TAB - 1S,11,
AMLONG 2.5MG TAB - 1S,4,
AMLONG 5MG TAB - 1S,22,
AMLONG 5MG TAB - 1S,6,
AMLONG TL 40MG - 1S,0,
AMLOPRES AT TAB - 1S,5,
ANDIAL TAB - 1S,13,
ANDIAL TAB - 1S,23,
ANDIAL TAB - 1S,0,
ANOVATE CRM 20GM - 1S,4,
ANXIT TAB 0.25MG - 1S,35,
ANXIT TAB 0.5MG - 1S,10,
APIGAT 5MG - 1S,1,
ARBITEL 20MG - 1S,2,
ARBITEL 20MG - 1S,3,
ARBITEL 40MG TAB - 1S,2,
ARBITEL 40MG TAB - 1S,3,
ARGIPREG SACHET - 1S,7,
ARK GEL 30G - 1S,7,
ARZACET SYP 6ML - 1S,8,
ARZAVIT TAB - 1S,3,
ASCORIL D SYP 100ML - 1S,14,
ASCORIL EXP 100ML - 1S,7,
ASCORIL EXP 100ML - 1S,13,
ASCORIL LS 100ML EXP - 1S,10,
ASCORIL LS JUNIOR 60ML - 1S,4,
ASCORIL SF SYP 100ML - 1S,5,
ASSURANS TAB 20MG - 1S,2,
ASTHAKIND DX 100ML - 1S,10,
ASTHAKIND DX 60ML SYP - 1S,4,
ASTHAKIND SYP 100ML - 1S,0,
ASTHALIN 4MG TAB - 1S,3,
ASTHALIN DX SYP 100ML - 1S,4,
ASTHALIN INHALER 200MD - 1S,3,
ASTHALIN RESPIRATOR SOLUTION 15ML - 1S,16,
ASTHALIN RESPULES 2.5ML - 1S,20,
ASTHALIN ROTACAP 60S - 1S,10,
ASTHALIN SYP 100ML - 1S,1,
ATARAX 25MG TAB - 1S,4,
ATARAX SYP 100ML - 1S,0,
ATEN 25MG - 1S,4,
ATEN 50MG - 1S,8,
ATOCOR 10MG - 1S,0,
ATORFIT 10MG - 1S,5,
ATORFIT CV 10MG - 1S,5,
ATORFIT CV 10MG - 1S,3,
ATORFIT CV GOLD 20/75 - 1S,0,
ATORSAVE 40MG TAB - 1S,0,
ATORSAVE D 40MG - 1S,0,
ATORSAVE D 40MG - 1S,0,
ATORVA 10MG TAB - 1S,3,
ATOSTA 10MG - 1S,5,
ATOSTA 10MG - 1S,13,
ATOSTA 5MG - 1S,6,
AUGMENTIN 375MG TAB - 1S,4,
AUGMENTIN 625 DUO TAB - 1S,1,
AUGMENTIN 625 DUO TAB - 1S,1,
AUGMENTIN 625 DUO TAB - 1S,1,
AUGMENTIN 625 DUO TAB - 1S,9,
AUGMENTIN 625 DUO TAB - 1S,13,
AUGMENTIN DUO SUS 30ML - 1S,5,
AVAS 20MG - 1S,2,
AVAS CV 10MG - 1S,6,
AVOMINE 25MG - 1S,2,
AZITHRAL 100MG SYP 15ML - 1S,2,
AZITHRAL 200MG SYP 15ML - 1S,2,
AZITHRAL 200MG SYP 15ML - 1S,3,
AZITHRAL 250MG TAB - 1S,1,
AZITHRAL 250MG TAB - 1S,12,
AZITHRAL 500MG TAB - 1S,9,
AZKAVIT TAB - 1S,0,
AZTOLET 20MG - 1S,0,
B COMPLEX B.P.C TAB 1000S - 1S,1,
B PROTIN CHO 500G - 1S,1,
BACTIGRAS 10X10CM - 1S,20,
BACTOCLAV 625MG TAB - 1S,5,
BANDAGE CLOTH 10CM X 10M - 1S,20,
BANDAGE CLOTH 10CM X 3M - 1S,1,
BANDAGE CLOTH 10CM X 3M - 1S,3,
BANDAGE CLOTH 15CM X 10M - 1S,20,
BANDAGE CLOTH 15CM X 3M - 1S,2,
BANDAGE CLOTH 5CM X 3M - 1S,1,
BANDAGE CLOTH 5CM X 3M - 1S,1,
BANDAGE CLOTH 5CM X 3M - 1S,3,
BANOCIDE FORTE TAB - 1S,8,
BASALOG VIAL 3ML 100 IU - 1S,0,
BASALOG VIAL 3ML 100 IU - 1S,0,
BD U100 INSULIN SYRING - 1S,3,
BD U100 INSULIN SYRING - 1S,20,
BD U100 INSULIN SYRING - 1S,20,
BD U40 6MM INSULIN SYR - 1S,2,
BECOSULES CAP - 1S,20,
BECOSULES Z CAPS - 1S,7,
BECOZYME C FORTE TAB - 1S,5,
BECOZYME C FORTE TAB - 1S,2,
BELLADONA CAPSICUM PLASTER - 1S,1,
BELLADONA CAPSICUM PLASTER - 1S,3,
BELLADONNA PLASTER - 1S,6,
BENADRYL C.F 150ML - 1S,2,
BENADRYL C.F 50ML - 1S,5,
BEPARINE 5000 IU 5ML - 1S,3,
BEPLEX FORTE TAB - 1S,102,
BEPLEX FORTE TAB - 1S,11,
BETACAP 20MG - 1S,2,
BETADINE ONT 20G - 1S,5,
BETNESOL TAB - 1S,44,
BETNOVATE C CREAM 30G - 1S,2,
BETNOVATE GM ONT 20G - 1S,5,
BETNOVATE S ONT 20G - 1S,3,
BIFILAC HP - 1S,6,
BILASURE M - 1S,3,
BIOCETAMOL IV 100ML - 1S,1,
BIOMYLIN G - 1S,2,
BLOOD ADMIN SET ROMSONS - 1S,4,
BONNISAN LIQUID 200ML - 1S,14,
BORIC ACID 10G - 1S,50,
BP MONITOR - DR. TRUST - 1S,1,
BRO ZEDEX 100ML SYP - 1S,6,
BRONCOREX  EXP 50ML - 1S,6,
BRUFEN 200MG TAB - 1S,8,
BRUFEN 400MG TAB - 1S,21,
BUDAMATE 200MG ROTACAPS - 1S,2,
BUDAMATE 400MG ROTACAPS - 1S,3,
BUDECORT 200MG ROTACAPS - 1S,0,
BUDECORT 200MG ROTACAPS - 1S,2,
BUDECORT 200MG ROTACAPS - 1S,3,
BUDECORT 400MG ROTACAPS - 1S,1,
BUDECORT 400MG ROTACAPS - 1S,3,
BUDECORT RES 0.5MG 2ML - 1S,120,
BUDETROL 400MG - 1S,1,
BUDETROL 400MG - 1S,3,
BUSCOGAST INJ 1ML - 1S,10,
CALAPURE A LOTION 100ML - 1S,3,
CALCIGARD 5MG CAP - 1S,0,
CALCIGARD RETARD 20MG TAB - 1S,32,
CALCIJOINT SYP 200ML - 1S,1,
CALCIMAX FORTE TAB - 1S,2,
CALDIKIND  PLUS - 1S,5,
CALFISH TAB - 1S,2,
CALPOL 120MG SUS - 1S,2,
CALPOL 120MG SUS - 1S,20,
CALPOL 250MG 60ML - 1S,9,
CALPOL 650MG TAB - 1S,5,
CAMPICILLIN 250MG CAP - 1S,4,
CANDIBIOTIC PLUS EAR DROPS - 1S,1,
CANDID 1% CREAM - 1S,4,
CANDID 1% POWDER 100G - 1S,8,
CANDID 1% POWDER 50G - 1S,8,
CANDID 1% POWDER 50G - 1S,3,
CANDID B CREAM 10G - 1S,4,
CANDID B CREAM 20G - 1S,3,
CANDID MOUTH PAINT 25ML - 1S,1,
CANDIDERMA PLUS 10G CREAM - 1S,1,
CANDIDERMA PLUS 10G CREAM - 1S,1,
CANDIDERMA PLUS 20G CREAM - 1S,5,
CANDIFORCE 200MG CAPS - 1S,1,
CARDACE METO 5MG - 1S,1,
CARNISURE 500MG - 1S,4,
CARVI BETA 3.125 - 1S,10,
CARZUSTAT C10MG - 1S,2,
CASTOR NF 15G CREAM - 1S,2,
CAVERTA 100MG - 1S,0,
CEFAKIND 250MG TAB - 1S,1,
CEPODEM 200MG TAB - 1S,2,
CEPODEM 200MG TAB - 1S,6,
CEPODEM 50 MG - 1S,3,
CETAPIN XR 500MG TAB - 1S,4,
CETZINE 10MG TAB - 1S,14,
CHERICOF 100ML - 1S,8,
CHERICOF 60ML - 1S,6,
CHERICOF JUNIOR SYP 60ML - 1S,6,
CHERICOF LS JUNIOR SYP 60ML - 1S,4,
CHERICOF LS SYP 100ML - 1S,7,
CHLO EYE ONT - 1S,2,
CHYMORAL FORTE TAB - 1S,1,
CI BEND 400MG TAB - 1S,1,
CIFRAN 250MG - 1S,4,
CILAHEART 10MG TAB - 1S,12,
CINOD 10MG - 1S,2,
CINOD 5MG - 1S,3,
CINOD T TAB - 1S,3,
CIPLADINE ONT 10G - 1S,4,
CIPLADINE ONT 20G - 1S,3,
CIPLADINE ONT 20G - 1S,10,
CIPLAR 40MG TAB - 1S,0,
CIPLOX D EYE DROPS 10ML - 1S,9,
CIPLOX EYE DROPS 10ML - 1S,9,
CIPLOX EYE DROPS 10ML - 1S,1,
CIPLOX TZ TAB - 1S,2,
CIPROFLOXACIN IV 100ML - EURO - 1S,2,
CITRALKA 100ML SYP - 1S,7,
CLAVAM BID DRY SYP 30ML - 1S,2,
CLAVAM BID DRY SYP 30ML - 1S,6,
CLINSOL GEL 15G - 1S,1,
CLOBEN G CRM 5GM - 1S,0,
CLOBETA GM CREAM 10G - 1S,3,
CLOCIP DUSTING POW 75G - 1S,2,
CLOPILET 75MG - 1S,4,
CLOPILET 75MG - 1S,0,
CLOPITAB A 150MG CAPS - 1S,0,
COBADEX CZS TAB - 1S,11,
CODISTAR DX 100ML SYP - 1S,6,
CODISTAR DX 60ML SYP - 1S,0,
COFSAN 100ML SYP - 1S,3,
COLOUR PLUS TAB - 1S,0,
COMBIFLAM MS CREAM 30G - 1S,1,
COMBIFLAM MS CREAM 30G - 1S,1,
COMBIFLAM SUS 60ML - 1S,10,
COMBIFLAM TAB - 1S,4,
COMBISAFE TAB - 1S,4,
COMP.STOC.MID.THIGH CLASS XL 2S - 1S,1,
CONCOR 5MG - 1S,5,
CONCOR COR2.5MG - 1S,0,
COREX DX SYP 100ML - 1S,8,
COREX DX SYP 60ML - 1S,1,
CORIMINIC ORAL DROPS 15ML - 1S,5,
CORIMINIC SYP 60ML - 1S,5,
CORIMINIC XT SYP 100ML - 1S,1,
CORTIL A TAB - 1S,17,
COSCOPIN PLUS 100ML SYS - 1S,5,
COTTON 100GM - 1S,2,
COTTON 25GM - 1S,4,
COTTON 400GM - 1S,9,
COTTON 50GM - 1S,2,
CREMA ANO 20G - 1S,1,
CREMAFFIN MINT 225ML SYP - 1S,5,
CREMAFFIN MIX FRU 225ML SYP - 1S,2,
CREMAFFIN MIX FRU 225ML SYP - 1S,4,
CREMAFFIN PLUS SYP 225ML - 1S,9,
CRESTOR 5MG - 1S,1,
CRINA NCR 10MG - 1S,0,
CRINA NCR 15MG - 1S,0,
CUTIES SOAP 75G - 1S,2,
CWIN CREAM - 1S,1,
CYCLOPAM SYP 60ML - 1S,4,
CYCLOPAM TAB - 1S,5,
CYPON 15ML DROPS - 1S,1,
CYSTONE FORTE TABLETS 15S - 1S,112,
CYSTONE SYRUP 200ML - 1S,28,
CYSTONE TABLETS 60S - 1S,6,
CYSTONE TABLETS 60S - 1S,100,
D3 MUST 2K TAB - 1S,2,
DAPA CAD 10MG - 1S,2,
DAPAMAC V 10/100 - 1S,0,
DAPZIGARD 10MG - 1S,1,
DEBISTAL GM 2 TAB - 1S,3,
DEC 100MG TAB - 1S,12,
DEFYCOF SYP 100ML - 1S,2,
DELCON LIQ 60ML - 1S,9,
DELCON TAB - 1S,36,
DELCON TAB - 1S,16,
DEPLATT 75MG TAB - 1S,5,
DEPLATT CV 10MG CAPS - 1S,5,
DERIPHYLLIN INJ - 1S,28,
DERIPHYLLIN RETARD 300MG - 1S,5,
DERIPHYLLIN RTD 150MG TAB - 1S,3,
DERMADEW ACNE SOAP 75G - 1S,2,
DERMADEW B BAR SOAP 75G - 1S,1,
DERMI 5 CRM 15GM - 1S,0,
DEXALAB 2ML INJ - 1S,10,
DEXAMETHASONE - DEMISONE 0.5MG - 1S,8,
DEXAMETHASONE TAB 100S - 1S,12,
DEXLIFE (D25) 100ML INJ - 1S,5,
DEXORANGE CAPS - 1S,4,
DEXOREN S EYE DROPS 5ML - 1S,0,
DFO 4X GEL 50G - 1S,1,
DFO GEL 30GM - 1S,10,
DFO GEL 50G - 1S,0,
DFO RED LINIMENT 50ML - 1S,1,
DIABECON DS 60S - 1S,50,
DIABETROL TAB - 1S,30,
DIABETROL TAB - 1S,4,
DIANORM M TAB - 1S,11,
DIANORM M TAB - 1S,8,
DIATAAL CAP - 1S,3,
DIBIZIDE M TAB - 1S,19,
DIBIZIDE M TAB - 1S,20,
DICLOFEN INJ 3ML - 1S,85,
DICLOWIN PLUS TAB - 1S,8,
DIGENE GEL MINT 200ML - 1S,7,
DIGENE ORANGE TAB - 1S,30,
DIGNITY ADULT PANTS L-XL - 1S,1,
DILNIP 5MG - 1S,6,
DILZEM 30MG TAB - 1S,0,
DIPSALIC F ONT 20G - 1S,1,
DIPSALIC F ONT 20G - 1S,5,
DISPO VAN 10ML - 1S,20,
DISPO VAN 10ML - 1S,250,
DISPO VAN 2.5ML 24G - 1S,50,
DISPO VAN 2.5ML 24G - 1S,200,
DISPO VAN 20ML - 1S,5,
DISPO VAN 3ML 24G - 1S,190,
DISPO VAN 3ML 24G - 1S,100,
DISPO VAN NEEDLE 18G - 1S,200,
DISPO VAN NEEDLE 20G - 1S,100,
DISPO VAN NEEDLE 22G - 1S,190,
DISPO VAN NEEDLE 22G - 1S,100,
DISPO VAN NEEDLE 23G - 1S,100,
DISPO VAN NEEDLE 24G - 1S,40,
DISPO VAN NEEDLE 26G/0.5 - 1S,200,
DIZONE 250MG - 1S,12,
DOLO SYP 250MG - 1S,3,
DOLONEX DT 20MG TAB - 1S,4,
DOLOPAR 250MG SYP 60ML - 1S,3,
DOLOPAR TAB - 1S,12,
DOLOPAR TAB - 1S,6,
DOLOWIN PLUS TAB - 1S,2,
DOXOLIN 200MG - 1S,2,
DOXOLIN 400MG TAB - 1S,2,
DP GESIC TAB - 1S,5,
DREZ POWDER 40G - 1S,0,
DROTIN DS TAB - 1S,5,
DUCAINE FORTE SYP 200ML - 1S,6,
DUCAINE SYP 120ML - 1S,0,
DULCOFLEX TAB - 1S,45,
DUOLIN 3 RESPULES - 1S,25,
DUPHALAC LEMON 150ML SOL - 1S,3,
DUPHALAC LEMON 150ML SOL - 1S,1,
DUPHALAC LEMON 250ML - 1S,2,
DYDROBOON 10MG TAB - 1S,1,
DYNAPAR QPS SPRAY 30ML - 1S,1,
DYTOR PLUS 10MG TAB - 1S,4,
EASY BATH XL - 1S,3,
EASY FIX MEDIUM - 1S,95,
EBAST 20MG TAB - 1S,1,
ECONORM .765G SACHET - 1S,11,
ECONORM CAPS - 1S,4,
ECOSPRIN 75 - 1S,25,
ECOSPRIN AV 75 - 1S,8,
ECOSPRIN AV 75/20 - 1S,5,
ECOSPRIN GOLD 10 - 1S,1,
ECOSPRIN GOLD 10 - 1S,4,
ECOSPRIN GOLD 10 - 1S,3,
ECOSPRIN GOLD 20 - 1S,4,
ELDOPER CAPS - 1S,9,
ELECTRAL ORANGE 21.8GM - 1S,10,
ELECTRAL SACHET 21.80G - 1S,15,
ELECTRAL SACHET 21.80G - 1S,30,
ELECTROBION POWDER 21GM - 1S,40,
ELTROXIN 100MG - 1S,4,
ELTROXIN 25MG - 1S,3,
ELTROXIN 50MG - 1S,5,
ELTROXIN 75MG - 1S,1,
ELTROXIN 75MG - 1S,3,
EMBETA XR 50MG - 1S,1,
EMCREMA PLUS SYP 200ML - 1S,1,
EMESET 4MG TAB - 1S,6,
EMESET 8MG - 1S,5,
EMESET SYP 30ML - 1S,1,
EMESET SYP 30ML - 1S,5,
EMTY SOLUTION 150ML - 1S,1,
ENCORATE CHRONO 300MG - 1S,0,
ENCORATE CHRONO 300MG - 1S,0,
ENCORATE CHRONO 500MG - 1S,0,
ENVAS 2.5MG TAB - 1S,2,
ENVAS 2.5MG TAB - 1S,8,
ENVAS 2.5MG TAB - 1S,6,
ENVAS 5MG TAB - 1S,10,
EPIDOSIN INJ 1ML - 1S,20,
EPIFAST 500MG - 1S,6,
EPITRA RTU 500MG/100ML IV - 1S,0,
EPTUS 25MG - 1S,5,
EQUIREX TAB - 1S,3,
ERYTHROMYCIN 500MG - 1S,3,
ERYTHROMYCIN 500MG - 1S,5,
ESGIPYRIN TAB - 1S,1,
ESGIPYRIN TAB - 1S,6,
EUCALYPTUS OIL 100ML - 1S,3,
EUCALYPTUS OIL 15ML - 1S,24,
EUCALYPTUS OIL 20ML - 1S,12,
EUCALYPTUS OIL 50ML - 1S,1,
EUGLIM 4MG - 1S,3,
EVECARE CAPSULES 30S - 1S,100,
EVECARE SYPUP 200ML - 1S,82,
EVION 400MG CAPS - 1S,5,
EVION 600MG CAP - 1S,1,
FEBUSTAT 40MG - 1S,0,
FEBUSWAS 40MG - 1S,0,
FEBUTAZ 40MG TAB - 1S,3,
FENLONG GEL 15G - 1S,2,
FENLONG MR LINIMENT 30ML - 1S,60,
FENLONG MR ROLLON - 1S,59,
FENLONG ROLL ON - 1S,54,
FEPANIL 250MG SYP 60ML - 1S,6,
FESTIVE EYE DROPS 10ML - 1S,3,
FEVASTIN INJ 2ML - 1S,5,
FIBROVAS TAB - 1S,0,
FLAGYL 400MG - 1S,10,
FLAVEDON MR - 1S,0,
FLOMIST NASAL SPRAY - 1S,1,
FLOMIST NASAL SPRAY - 1S,1,
FLUCORT CREAM 20G - 1S,1,
FLUR EYE DROPS 10ML - 1S,1,
FLUVIR 75ML SUSPENSION - 1S,3,
FML EYE DROPS - 1S,2,
FOLEY CATHETER 16G(RUSCH) - 1S,2,
FOLEY CATHETER 18G(RUSCH) - 1S,1,
FOLEY CATHETER 3WAY 20G - 1S,5,
FOLEY TRAC 14G (ROMSONS) - 1S,3,
FOLEY TRAC 20G(ROMSONS) - 1S,3,
FOLLIHAIR TAB - 1S,1,
FOOTMARK CREAM 15G - 1S,4,
FORACORT 100MG ROTACAPS - 1S,2,
FORACORT 200 INHALER - 1S,1,
FOURDERM AF 5G CREAM - 1S,4,
FOURTS B TAB - 1S,5,
FREELEX SYP 170ML - 1S,1,
FRUSELAC DS TAB - 1S,0,
FULFIL FORTE CAPS - 1S,0,
GABA CAD TAB - 1S,6,
GABAGESIC GEL 50G - 1S,0,
GABANTIN NT 100MG - 1S,1,
GABANTIN NT 100MG - 1S,0,
GALIREX SYP 100ML - 1S,6,
GALIREX SYP 50ML - 1S,4,
GALITZ D TAB - 1S,3,
GALITZ D TAB - 1S,5,
GALVUS 50MG - 1S,1,
GALVUSMET 50/500MG TAB - 1S,2,
GARLIC PLUS CAPS - 1S,1,
GASEX TAB 100S - 1S,300,
GASEX TAB 100S - 1S,9,
GASTICA DROPS 15ML - 1S,0,
GAVISCON LIQ 150ML - 1S,7,
GELIXTA 300MG TAB - 1S,11,
GELUSIL MPS SY 200ML - 1S,16,
GELUSIL MPS SY 400ML - 1S,1,
GELUSIL MPS TAB - 1S,18,
GEMER 2MG TAB - 1S,5,
GEMER P1MG TAB - 1S,3,
GENTALAB 2ML INJ - 1S,10,
GENTOSON PLUS EYE DROPS - 1S,0,
GERIFORTE SYRUP 200ML - 1S,28,
GERIFORTE TABLETS 60S - 1S,50,
GINKOCER 40MG TAB - 1S,0,
GLICSAAN 80MG - 1S,14,
GLIMI DM PLUS - 1S,13,
GLIMSAFE 2MG TAB - 1S,4,
GLIMY 1MG TAB - 1S,4,
GLIMY 1MG TAB - 1S,4,
GLIMY 1MG TAB - 1S,10,
GLIMY 2MG - 1S,4,
GLIMY 2MG - 1S,5,
GLIPTAGREAT M 500MG - 1S,10,
GLOVES DISPO SOFT HANDS MEDIUM - 1S,3,
GLOVES DISPO SOFT HANDS MEDIUM - 1S,1,
GLOVES DISPO SOFT HANDS MEDIUM - 1S,1,
GLOVES DISPO SOFT HANDS MEDIUM - 1S,3,
GLUCOBAY 25MG TAB - 1S,6,
GLUCOBAY 25MG TAB - 1S,10,
GLUCOBAY M 25 TAB - 1S,5,
GLUCOBAY M 50 MG - 1S,4,
GLUCOBEAT 500XR - 1S,10,
GLUCOBEAT G1MG - 1S,0,
GLUCONORM SR 500MG - 1S,0,
GLUXIT TRIO 10/100/500MG TAB - 1S,0,
GLYCIDAY M 30MG - 1S,2,
GLYCINORM 40MG TAB - 1S,10,
GLYCINORM 80MG TAB - 1S,1,
GLYCINORM M 60 OD - 1S,1,
GLYCINORM M80 MG - 1S,9,
GLYCIPHAGE 500MG - 1S,16,
GLYCIPHAGE VG2 MG TAB - 1S,0,
GLYCOMET 250MG TAB - 1S,4,
GLYCOMET GP1 TAB - 1S,10,
GLYCOMET GP4 FORTE - 1S,0,
GLYCOMET SR 500MG TAB - 1S,6,
GLYFLORIS 10MG - 1S,6,
GLYFLORIS 5MG - 1S,0,
GLYFLORIS S 10/100 TAB - 1S,7,
GLYNASE 5MG TAB - 1S,18,
GLYNASE MF TAB - 1S,30,
GLYNASE XL 5MG - 1S,0,
GLYPTEN M - 1S,3,
GLYSEB SOAP 75G - 1S,2,
GODMET G2 - 1S,0,
GP 0.5MG - 1S,7,
GP 1MG - 1S,0,
GP 2MG - 1S,0,
GRENIL TAB - 1S,2,
GRENIL TAB - 1S,6,
GTN SORBITRATE CR 2.6MG - 1S,1,
GUDCEF 100MG - 1S,8,
GUDCEF 200MG - 1S,4,
GUDCEF CV 200MG - 1S,5,
GUDLAX PLUS SYP 200ML - 1S,4,
GUMTONE POWDER 40G - 1S,1,
GUTSAVE 40MG TAB - 1S,1,
GUTSAVE 40MG TAB - 1S,15,
GUTSAVE DSR CAP - 1S,6,
GYNAE CVP CAP - 1S,0,
HAEM UP LIQ 200ML - 1S,1,
HALF NS 500ML CLARIS - 1S,28,
HEAM UP GEMS 30S - 1S,1,
HEFCARD 100MG TAB - 1S,0,
HEMFER SYRUP 225ML - 1S,1,
HERBOLAX CAP 10S - 1S,100,
HERPERAX ONT 15G - 1S,3,
HERPIKIND 400MG - 1S,1,
HICET TAB - 1S,5,
HIM ADULT DIAPER L 10S - 1S,1,
HIM ADULT DIAPER PANT XL 10S - 1S,2,
HIPRES 50MG - 1S,10,
HISTAFREE 120 - 1S,11,
HUMAN ACTRAPID 40 IU 10ML - 1S,1,
HUMAN ACTRAPID 40 IU 10ML - 1S,3,
HUMAN INSULATARD 40 IU 10ML - 1S,2,
HUMAN INSULATARD 40 IU 10ML - 1S,3,
HUMAN MIXTARD 40 IU 10ML - 1S,2,
HUMAN MIXTARD 40 IU 10ML - 1S,5,
HUMAN MIXTARD 50/50 40 IU 10ML - 1S,8,
HUMINSULIN 30/70 40 IU 10ML - 1S,8,
HUMINSULIN 50/50 40U 10ML - 1S,5,
HUMINSULIN 50/50 40U 10ML - 1S,10,
HUMINSULIN N 40 IU 10ML - 1S,1,
HUMINSULIN R 100 IU VIAL - 1S,0,
HUMINSULIN R 100 IU VIAL - 1S,0,
HUMINSULIN R 40 IU 10ML - 1S,1,
HYDENT K 100G TOOTH PASTE - 1S,2,
HYDROGEN PEROXIDE SOLU 100ML - 1S,2,
HYDROGEN PEROXIDE SOLU 450ML - 1S,3,
HYDROHEAL AM 50G - 1S,1,
HYOKEM INJ 1ML - 1S,35,
I V SET ROMSONS - INFUSION - 1S,8,
I V SET ROMSONS - INFUSION - 1S,50,
IBUGESIC PLUS SYP 100ML - 1S,7,
IBUGESIC PLUS SYP 60ML - 1S,1,
IBUGESIC PLUS SYP 60ML - 1S,10,
IMOL PLUS TAB - 1S,1,
IMOL PLUS TAB - 1S,10,
IMOL PLUS TAB - 1S,20,
IMPHACOBIN - B12 VIAL - 1S,1,
IMPHACOBIN - B12 VIAL - 1S,10,
IMPHADEX 30ML VIAL - 1S,10,
IMPHAPLEX B COMPLEX INJ 30ML - 1S,7,
INCREVIL M 50/500 - 1S,2,
INCREVIL M 50/500 - 1S,10,
INDERAL 10MG - 1S,10,
INDERAL 40MG - 1S,2,
INFRARED THERMOMETER-EVERYCOM - 1S,1,
INSUGEN 30/70 40IU VIAL - 1S,1,
INSUGEN 30/70 40IU VIAL - 1S,1,
IODINE TINCURE 20ML - 1S,12,
ISMO 10MG - 1S,9,
ISRYL 1MG TAB - 1S,0,
ISTAMET 50/500 TAB - 1S,3,
ISTAMET 50/500 TAB - 1S,2,
IVREA 0.5% SHAMPOO 30ML - 1S,10,
JUSLINA 5MG - 1S,1,
JUVIANA PLUS CAP - 1S,0,
K BIND POWDER 15G - 1S,0,
K MAC SOLUTION 200ML - 1S,4,
K MAC UTI SYP 210ML - 1S,3,
KARVOL PLUS CAPS - 1S,5,
KEFPOD 200MG - 1S,1,
KENACORT ONT 7.5G - 1S,1,
KETANOV 1ML AMPOULE - 1S,1,
KETANOV 1ML AMPOULE - 1S,10,
KETO ADD - 1S,0,
KETO SOAP 100G - 1S,1,
KETO SOAP 100G - 1S,4,
KETO SOAP 50G - 1S,9,
KETO TV SOAP 75G - 1S,2,
KETOBA 75GM SOAP - 1S,3,
KETOROL DT TAB - 1S,5,
KIDODENT TOOTHBRUSH - 1S,1,
KOFLET H LOZENGES - 1S,160,
KZ SOAP 75GM - 1S,1,
LACTIHEP PLUS EMULSION 250ML - 1S,2,
LARIAGO 250MG TAB - 1S,14,
LARITEL 40MG - 1S,4,
LARITEL 40MG - 1S,3,
LASIX 40MG TAB - 1S,1,
LECOPE M - 1S,6,
LEGASY M 75MG - 1S,1,
LEVEPSY 500MG - 1S,4,
LEVIGRESS 500MG - 1S,0,
LEVIPIL 500MG - 1S,5,
LEVIPIL RTU 500MG INFUSION 100ML - 1S,10,
LEVOFLOX 500MG IV - 1S,2,
LEVOLIN 0.31MG RESPULES - 1S,48,
LEVOLIN 0.31MG RESPULES - 1S,2,
LEVOLIN 0.63 RESPULES - 1S,6,
LEVOLIN 0.63 RESPULES - 1S,3,
LEVOLIN INHALER - 1S,1,
LEVOLIN SYP 100ML - 1S,4,
LIBOTRYP DS TAB - 1S,3,
LIBRIUM 10MG TAB - 1S,5,
LIBRIUM 10MG TAB - 1S,7,
LIBRIUM 25MG TAB - 1S,1,
LIMCEE CHEW TAB - 1S,20,
LIPIAID CV TAB - 1S,1,
LIPICURE GOLD 40MG - 1S,0,
LIPIKIND CV 20MG - 1S,1,
LIPIROSE F 10MG - 1S,3,
LIQUID PARAFFIN 100ML - 1S,20,
LIQUID PARAFFIN 50ML - 1S,30,
LIV 52 DS SYRUP 100ML - 1S,49,
LIV 52 DS TABLETS 60S - 1S,4,
LIV 52 SUGAR FREE SYP 100ML - 1S,55,
LIV 52 SUGAR FREE SYP 200ML - 1S,35,
LIV 52 SYP 100ML - 1S,70,
LIV 52 SYP 200ML - 1S,35,
LIV 52 SYP 200ML - 1S,20,
LIV 52 TABLETS 100S - 1S,100,
LIV 52 TABLETS 100S - 1S,2,
LIVOGEN SYP 200ML - 1S,1,
LIVOGEN SYP 200ML - 1S,4,
LIVOGEN TAB 15S - 1S,4,
LIVOGEN XT TAB - 1S,5,
LNBFLOR 10MG - 1S,9,
LNBFLOR 5MG - 1S,10,
LOBATE GM NEO 15G CREAM - 1S,3,
LOMOFEN TAB - 1S,0,
LOMOFEN TAB - 1S,8,
LOMOFEN TAB - 1S,8,
LONAZEP 0.5MG TAB - 1S,1,
LOPARET TAB - 1S,10,
LORLIN LINIMENT 30ML - 1S,7,
LOSAKIND 50MG TAB - 1S,10,
LYMPEDIM 200MG TAB - 1S,11,
MACSART H TAB - 1S,0,
MAHACEF 200MG TAB - 1S,1,
MAHACEF 200MG TAB - 1S,1,
MARTIFUR MR 100MG - 1S,0,
MAXIMIN FORTE - 1S,3,
MAXTRA ORAL DROPS 15ML - 1S,0,
MEDICREPE 5CMX4MT - 1S,1,
MEDROL 8MG - 1S,5,
MEFTAL FORTE TAB - 1S,4,
MEFTAL FORTE TAB - 1S,1,
MEFTAL P SYP 60ML - 1S,1,
MEFTAL P SYP 60ML - 1S,10,
MEFTAL SPAS TAB - 1S,10,
MEGAHEAL GEL 15G - 1S,0,
MELACARE CREAM 25G - 1S,7,
MELAMET CREAM 15G - 1S,2,
MELANOCYL TAB - 1S,0,
MELJIO CAP - 1S,0,
MELMET 500MG - 1S,1,
MENSOVIT PLUS CAP - 1S,11,
MERIMOL IV INJ 100ML - 1S,2,
MET DM 500MG TAB - 1S,6,
MET DM 500MG TAB - 1S,1,
MET DM 500MG TAB - 1S,6,
MET XL 12.5 - 1S,2,
METBETA XL 25MG TAB - 1S,0,
METBETA XL 25MG TAB - 1S,13,
METBETA XL 50MG - 1S,6,
METOCARD XL 25MG - 1S,2,
METOSARTAN 50MG - 1S,0,
METSMALL 500MG TAB - 1S,1,
MICROCID 25MG - 1S,9,
MICROPORE 1.25CM - 1S,36,
MICROPORE 2 INCH - 1S,2,
MICROPORE 2.5CM - 1S,6,
MICROPORE 2.5CM - 1S,24,
MIENTA CAPS - 1S,0,
MIGRANEX 5MG - 1S,0,
MINOLAST LC TAB - 1S,2,
MIRABLU S 50MG - 1S,0,
MOBICAM DT TAB - 1S,22,
MONASCUS CAPS - 1S,0,
MONTEK LC TAB - 1S,2,
MONTICOPE SUS 30ML - 1S,11,
MONTICOPE TAB - 1S,0,
MOX 125MG TAB - 1S,1,
MOX 125MG TAB - 1S,2,
MOX 250 MG TAB - 1S,1,
MOX 500 MG CAPS - 1S,1,
MOXIKIND CV 375MG TAB - 1S,8,
MOXIKIND CV 625 MG TAB - 1S,1,
MOXIKIND CV DRY SYP 30ML - 1S,2,
MOXIKIND CV FORTE DRY SYP - 1S,2,
MOXIKIND CV KID TAB - 1S,1,
MOXIKIND CV KID TAB - 1S,1,
MULTIGATES BILL TAB - 1S,4,
MULTIGATES TAB - 1S,3,
MULTIMIN TAB - 1S,5,
MUPIMET ONT 5G - 1S,8,
MVI INJ 10ML - 1S,5,
NADOXIN CREAM 10G - 1S,1,
NAPROSYN 250MG TAB - 1S,0,
NAPROSYN 500MG - 1S,1,
NASIVION CLASSIC ADULT N/P - 1S,11,
NASIVION NASAL DROPS BABY 10ML - 1S,8,
NASIVION NASAL DROPS CHILD - 1S,10,
NASIVION S NASAL DROPS - 1S,6,
NASOCLEAR NASAL SPRAY 20ML - 1S,2,
NAXDOM 250MG TAB - 1S,1,
NEBI 2.5MG - 1S,5,
NEBI 5MG - 1S,0,
NEBICARD 2.5MG TAB - 1S,3,
NEBICARD 5MG TAB - 1S,1,
NEBILONG 5MG - 1S,7,
NEBULIZER ADULT-ROMSONS - 1S,1,
NEOMOL 250MG SUPPOSIT - 1S,1,
NEORELAX MR TAB - 1S,7,
NEOSPORIN POWDER 10G - 1S,1,
NEOSPORIN SKIN OINT 10G - 1S,2,
NEULORA 2MG - 1S,4,
NEUROCETAM INJ - 1S,0,
NEUTHIA TAB - 1S,3,
NEW ALKOF COFGELS CAP - 1S,10,
NEWTEL AM - 1S,0,
NEXITO 10MG - 1S,3,
NEXITO 5MG - 1S,1,
NICARDIA RETARD 10MG TAB - 1S,4,
NICARDIA RETARD 20MG TAB - 1S,4,
NIKORAN 5MG TAB - 1S,1,
NISE 100MG TAB - 1S,5,
NITROSUN 10MG - 1S,3,
NO COLD TAB - 1S,5,
NOBEL GEL 30G - 1S,2,
NOCINIX GEL - 1S,6,
NOCVD 40MG - 1S,2,
NODICT TAB - 1S,2,
NODOSIS 500MG TAB - 1S,3,
NOTOUT ADULT DIAPER L10S - 1S,3,
NOTOUT ADULT DIAPER XL10S - 1S,2,
NOTOUT ADULT PANTS L10S - 1S,6,
NOTOUT ADULT PANTS L2S - 1S,8,
NOTOUT ADULT PANTS M10S - 1S,5,
NOTOUT ADULT PANTS XL10S - 1S,8,
NOTOUT ADULT PANTS XL2S - 1S,6,
NOTOUT ADULT PANTS XXL10S - 1S,3,
NOTOUT UNDERPAD 10S - 1S,1,
NOVAMOX 250MG REDIUSE 30ML - 1S,1,
NOVOFINE NEEDLE - 1S,0,
NOVOFINE NEEDLE - 1S,25,
NS 0.9% 100ML CLARIES - 1S,195,
NS 0.9% 500ML CLARIS - 1S,84,
NULONG 5MG - 1S,5,
NULONG 5MG - 1S,3,
NULONG MT 25MG - 1S,0,
NUROKIND G TAB - 1S,0,
NUROKIND LC TAB - 1S,0,
NUROKIND PLUS RF CAP - 1S,1,
NUSENSE TAB - 1S,1,
OFM SYP 60ML - 1S,2,
OFRON EYE DROPS 10ML - 1S,3,
OLEMAR 20MG - 1S,5,
OLEMAR 20MG - 1S,6,
OLMAT 20 - 1S,3,
OLMAT 20AM - 1S,3,
OLMAT 20H - 1S,0,
OLMAT 20H - 1S,0,
OLMAT 20H - 1S,0,
OLMAT 40 - 1S,5,
OLMAT 40 - 1S,1,
OLMAT 40AM - 1S,5,
OLMAT 40AMH - 1S,5,
OLMESAR 20MG - 1S,1,
OLMEWAL H - 1S,12,
OLMEWAL H - 1S,2,
OLMEWAL H - 1S,1,
OLMEZEST AM 40MG - 1S,0,
OLSERTAIN 40MG - 1S,1,
OLVANCE 20MG - 1S,0,
OMEE D CAP - 1S,3,
OMEE MPS 170ML SYP - 1S,2,
OMEZ 20MG CAP - 1S,8,
OMEZ D CAPS - 1S,10,
OMEZ INSTA SACHET - 1S,8,
OMNACORTIL 5MG - 1S,5,
OMNIGEL 10G - 1S,5,
OMNIGEL SPRAY 35G/50ML - 1S,3,
ONDERO MET 2.5/500 MG TAB - 1S,5,
ONDERO MET 2.5/500 MG TAB - 1S,5,
ONOFF IV 100ML - 1S,2,
ORAHELP GEL 15G - 1S,0,
OROFER S 20MG INJ 2.5ML - 1S,0,
OROKINASE TAB - 1S,0,
OROVIT TAB - 1S,12,
ORSL APPLE DRINK 200ML - 1S,12,
ORTHOHERB TAB 30S - 1S,1,
OSSOPAN D SYP 200ML - 1S,5,
OTOREX EAR DROPS 10ML - 1S,1,
OTOREX EAR DROPS 10ML - 1S,2,
OTRIVIN MOISTURISING PAED N/D - 1S,4,
OTRIVIN NASAL DROPS PAED - 1S,1,
OTRIVIN OXY FAST RELIEF NASAL SPRAY - 1S,5,
OXALGIN DP TAB - 1S,3,
OXALGIN NANOGEL 30G - 1S,4,
OXALGIN NANOGEL 30G - 1S,4,
OXRA 5MG TAB - 1S,1,
OZOMET G1 - 1S,0,
OZOMET G1 - 1S,0,
OZOMET VG 2MG TAB - 1S,3,
OZOMET VG1MG - 1S,7,
OZOTEL 40MG - 1S,2,
OZOTEL AM TAB - 1S,1,
OZOTEL AMH TAB - 1S,1,
OZOTEL H TAB - 1S,4,
P 120 MG SYP 60ML - 1S,17,
P 250MG TAB - 1S,4,
P 500MG 60ML SYP - 1S,1,
P 650 MG TAB - 1S,12,
P OD PLUS - 1S,20,
PALMOL 30ML VIAL - 1S,20,
PAN 40MG - 1S,20,
PAN 40MG INJ - 1S,25,
PAN D CAPS - 1S,10,
PAN MPS 200ML - 1S,5,
PANDERM + CREAM 15GM - 1S,1,
PANS SKY 40MG - 1S,1,
PANTAKIND DSR CAP - 1S,1,
PANTOCID 40MG - 1S,4,
PANTOCID 40MG - 1S,1,
PANTOCID 40MG - 1S,9,
PANTOCID DSR CAP - 1S,3,
PANTOCID DSR CAP - 1S,5,
PANTOCID L CAP - 1S,2,
PANTOP D CAP - 1S,1,
PANTOPRL 40MG - 1S,15,
PARACETAMOL 500MG 100S - 1S,9,
PARACIP 500MG TAB - 1S,25,
PARAXIN 250MG CAPS - 1S,1,
PAZEMOL VIAL 30ML - 1S,10,
PENTIDS 400MG - 1S,15,
PEPTIACT DSR - 1S,9,
PILEX FORTE OINTMENT 30G - 1S,105,
PILEX TABLETS 60S - 1S,100,
PILEX TABLETS 60S - 1S,6,
PIRITON CS 100ML SYP - 1S,10,
PLAGERINE 75MG - 1S,0,
PLAGERINE 75MG - 1S,0,
PLUS ONT 10G - 1S,5,
POLYPURE 500000 UNITS VIAL - 1S,0,
POLYPURE 500000 UNITS VIAL - 1S,5,
POWERGESIC PLUS GEL 30G - 1S,2,
PRACTIN 4MG TAB - 1S,3,
PRACTIN 4MG TAB - 1S,6,
PRANVOG 0.3MG - 1S,4,
PRANVOG M 0.3 - 1S,2,
PRAZOPILL XL 5MG - 1S,0,
PRAZOPRESS XL 2.5MG - 1S,0,
PREGALIFT NT TAB - 1S,7,
PREVEL D CAP - 1S,7,
PRICHEK M2 - 1S,0,
PRIDEVIN M1 TAB - 1S,3,
PRIDEVIN M2 TAB - 1S,3,
PRIMODIL 2.5MG TAB - 1S,0,
PRO PL VENNILA 200G - 1S,0,
PRODEP 20MG CAPS - 1S,2,
PROLOMET XL 25MG TAB - 1S,10,
PROSTAGARD D 4MG - 1S,0,
PROSTAGARD D 4MG - 1S,0,
PROSTAGARD D 8MG - 1S,0,
PRS DICLO GEL 10G - 1S,26,
PRS DICLO GEL 30G - 1S,26,
PULMOCLEAR SYP 100ML - 1S,4,
PYRIGESIC 500MG TAB - 1S,3,
QUADRIDERM 10G - 1S,5,
QUADRIDERM 5G - 1S,1,
RABEKIND DSR CAP - 1S,12,
RACIPER 20MG - 1S,2,
RACIPER 40MG - 1S,5,
RAMIHART 5MG - 1S,6,
RAMILACE 2.5MG TAB - 1S,6,
RANIDOM MPS SY 170ML - 1S,3,
RANIDOM MPS SY 170ML - 1S,6,
RANIDOM O SYP 200ML - 1S,4,
RANITIN 150MG - 1S,1,
RANITIN 300MG TAB - 1S,2,
RANTAC 150MG TAB - 1S,11,
RANTAC 300MG - 1S,7,
RANTAC D TAB - 1S,18,
RANTAC MPS SYP 200ML - 1S,3,
RAPID GEL 30G - 1S,1,
RAPID GEL 30G - 1S,2,
RAZO 20MG - 1S,2,
RAZO D CAPS - 1S,1,
RED OLIVE OIL 100ML - 1S,1,
REFRESH TEARS EYE DROPS - 1S,2,
REHEXY 2MG - 1S,0,
REHEXY 2MG - 1S,0,
RENALKA SYRUP 100ML - 1S,52,
RENALKA SYRUP 200ML - 1S,8,
RENALKA SYRUP 200ML - 1S,28,
RENERVE DP 50/20 CAP - 1S,7,
RENOSAVE TAB - 1S,2,
RENU MP SOLUTION 120ML - 1S,1,
REVELOL XL 25MG TAB - 1S,4,
REVITAL H 30S - 1S,2,
REVITAL H CAPS - 1S,8,
REXCOF DX 100ML SYP - 1S,3,
REXIDIN M FORTE GEL 15G - 1S,3,
REXIDIN MOUTH WASH 75ML - 1S,5,
REXIDIN MOUTH WASH 75ML - 1S,6,
RIBOFLAVIN TAB - 1S,120,
RICONIA LP 30S - 1S,1,
RIFAGUT 400MG - 1S,2,
RL 500ML INJ CLARIES - 1S,2,
RL 500ML INJ CLARIES - 1S,28,
ROPARK 0.25MG TAB - 1S,0,
ROSTA 10MG TAB - 1S,0,
ROSTA 10MG TAB - 1S,11,
ROSTA F - 1S,2,
ROSUFIT CV 20MG - 1S,2,
ROSULESS 10MG - 1S,3,
ROSUMAC 5MG - 1S,0,
ROTAHALER - 1S,2,
ROVIROZ 10MG - 1S,5,
ROVIROZ 5MG TAB - 1S,10,
ROZAT 10MG TAB - 1S,3,
RX VOG M 0.3/500 MG - 1S,0,
RXTEL 3D TAB - 1S,2,
RXTEL AM - 1S,4,
RXTEL MT 50MG - 1S,3,
S V SET ROMSONS 24G - 1S,100,
SAPAT LOTION 12ML - 1S,3,
SCRABIC LOTION 50ML - 1S,3,
SCRABIC SOAP 75GM - 1S,3,
SEACOD CAP - 1S,1,
SECROX 250MG TAB - 1S,12,
SENASOF T TAB - 1S,5,
SENSODENT K 100G PASTE - 1S,7,
SENSODENT K 75G - 1S,9,
SENSODENT KF 125G - 1S,7,
SENSODENT KF 75GM - 1S,12,
SENSOFORM 100G PASTE - 1S,1,
SENSOFORM 50G PASTE - 1S,4,
SEPTILIN SYRUP 200ML - 1S,28,
SEPTILIN TABLETS 60S - 1S,140,
SEROFLO 100 ROTACAPS - 1S,1,
SEROFLO 125 INHALER - 1S,1,
SEROFLO 250 INHALER - 1S,1,
SEROFLO 250 INHALER - 1S,1,
SHALLAKI  TABLETS 60S - 1S,60,
SHELCAL 500MG - 1S,0,
SHELCAL 500MG - 1S,10,
SHY NM TOOTHPASTE 100G - 1S,8,
SIBELIUM 10MG TAB - 1S,6,
SILVEREX HEAL 15G - 1S,4,
SILVEREX IONIC 10G - 1S,3,
SILVEREX IONIC 20G TUBE - 1S,1,
SINAREST TAB - 1S,6,
SITACIP D 100/10 MG TAB - 1S,0,
SITACIP D 100/10 MG TAB - 1S,0,
SITALEMBIC M 500MG - 1S,4,
SITALEMBIC M1000 MG TAB - 1S,4,
SITANORM -E 25MG TAB - 1S,3,
SITAZIT D 10/100MG - 1S,3,
SKIN SHINE SOAP 75G - 1S,1,
SKINLITE CREAM 15G - 1S,10,
SMUTH CREAM 30G - 1S,2,
SODAMINT FLORAMINT 100S - 1S,1,
SOFRAMYCIN SKIN CREAM 30G - 1S,4,
SOFTOLAX LIQ 225ML - 1S,0,
SOMMEIL ES TAB - 1S,3,
SOMPRAZ D 40MG CAPS - 1S,3,
SORANIB 200MG - 1S,1,
SORBITRATE 10MG - 1S,2,
SORBITRATE 10MG - 1S,2,
SPASMO PROXYVON PLUS CAPS - 1S,6,
SPASMO PROXYVON PLUS CAPS - 1S,6,
SPASMONIL PLUS TAB - 1S,5,
SPORIDEX AF 375MG - 1S,1,
SPORIDEX AF 375MG - 1S,3,
SPORLAC TAB - 1S,8,
STAMLO 2.5MG TAB - 1S,4,
STAMLO 2.5MG TAB - 1S,6,
STAMLO 2.5MG TAB - 1S,4,
STAMLO 2.5MG TAB - 1S,5,
STAMLO 5MG TAB - 1S,2,
STAMLO BETA TAB - 1S,4,
STATPURE GOLD 10MG - 1S,1,
STATPURE GOLD 10MG - 1S,2,
STEMETIL INJ 1ML - 1S,5,
STERILE WATER FOR INJ 10ML - 1S,15,
STERILE WATER FOR INJ 10ML - 1S,64,
STORFIB 145MG TAB - 1S,4,
STORVAS 20MG - 1S,2,
STORVAS 80MG - 1S,0,
STORVAS CV 10MG CAPS - 1S,1,
STORVAS CV 10MG CAPS - 1S,5,
STROCIT PLUS - 1S,0,
STUGERON TAB - 1S,6,
STYPTOVIT E 500MG TAB - 1S,10,
SUCRAFIL O GEL 200ML - 1S,7,
SUCRAZ O SYP - 1S,10,
SUCRAZ SYP - 1S,6,
SUGANRIL TAB - 1S,2,
SUPRADYN TAB - 1S,2,
SURGICAL GLOVES 6.5 SIZE - 1S,25,
SURGICAL GLOVES 6.5 SIZE - 1S,25,
SURGICAL GLOVES 7 SIZE - 1S,8,
SURGICAL SPIRIT 400ML - 1S,5,
SYNDOPA 110MG - 1S,10,
SYRING 10ML ( NIPRO SHINRAI ) - 1S,50,
T BACT ONT 15G - 1S,8,
T BACT ONT 5G - 1S,12,
T MINIC SYP 60ML - 1S,2,
TAXIM 1G INJ - 1S,6,
TAXIM 250MG INJECTION - 1S,3,
TAXIM 500MG INJECTION - 1S,9,
TAXIM O 200MG TAB - 1S,9,
TAXIM O FORTE DRY SYP 30ML - 1S,0,
TAXIM O SYP 30ML - 1S,5,
TAZLOC 20MG - 1S,3,
TAZLOC H 40/12.5 TAB - 1S,0,
TEDIBAR  SOAP 75G - 1S,4,
TEDIBAR SOAP 75GX2 - 1S,2,
TELEMAR 20MG - 1S,8,
TELEMAR 40MG TAB - 1S,3,
TELFLOR 40MG TAB - 1S,5,
TELFLOR H TAB - 1S,5,
TELFLOR LN 10MG - 1S,5,
TELFLOR LN 10MG - 1S,3,
TELISTA 20MG TAB - 1S,5,
TELISTA 40 MG - 1S,5,
TELISTA CH 40/12.5MG - 1S,2,
TELISTA CH 80MG - 1S,0,
TELMA 20MG TAB - 1S,1,
TELMA 20MG TAB - 1S,4,
TELMA 40MG TAB - 1S,2,
TELMA AM - 1S,3,
TELMIKIND 20MG TAB - 1S,8,
TELPRES AM 40 TAB - 1S,3,
TELPRES CT 40/6.25MG - 1S,3,
TELSAR LN 10MG - 1S,0,
TELSARTAN 20 - 1S,0,
TELVAS 40MG TAB - 1S,6,
TELVAS 40MG TAB - 1S,9,
TEN DM PLUS - 1S,5,
TENDOCARE FORTE TAB - 1S,2,
TENELID 20MG TAB - 1S,4,
TENELID M - 1S,1,
TENELID M - 1S,1,
TENELID M - 1S,3,
TENOLOL 50MG - 1S,2,
TENOMAC 25MG TAB - 1S,0,
TENOMAC 50MG - 1S,5,
TENORMIN 50MG - 1S,0,
TENOVATE OINT 15G - 1S,1,
TENTEX FORTE TAB - 1S,252,
TENTEX ROYAL CAP - 1S,100,
TERBINAFORCE 1% CREAM 10G - 1S,7,
TETANUS TOXOID 0.5ML - 1S,30,
TETMOSOL SOAP 100G - 1S,1,
THERMOMETER - UNISOFT DIGITAL - 1S,1,
THROMBOPHOB GEL 30G - 1S,1,
THROMBOPHOB ONT 30G - 1S,4,
THYRONORM 100MG TAB - 1S,4,
THYRONORM 12.5MG - 1S,1,
THYRONORM 125MG - 1S,4,
THYRONORM 150MG - 1S,2,
THYRONORM 25MG TAB - 1S,3,
THYRONORM 37.5MG - 1S,1,
THYRONORM 50MG TAB - 1S,1,
THYRONORM 50MG TAB - 1S,3,
THYRONORM 75MG - 1S,3,
THYROX 100MG TAB - 1S,0,
TIDE 20MG - 1S,0,
TIDE 5MG - 1S,1,
TIDE 5MG - 1S,2,
TIDE PLUS 10MG - 1S,2,
TIDE PLUS 10MG - 1S,2,
TONACT 10MG TAB - 1S,10,
TONACT 20MG - 1S,3,
TONACT 20MG - 1S,5,
TONACT 40MG - 1S,1,
TONACT 40MG - 1S,5,
TOPAZ 50MG - 1S,2,
TOPCEF 200MG - 1S,3,
TORMAX PLUS  LS TAB - 1S,3,
TORSINEX 10MG - 1S,4,
TORVATE CHRONO 300MG TAB - 1S,0,
TOSSEX DMR 100ML - 1S,2,
TOSSEX SYP 100ML - 1S,15,
TRANSPORE 1 INCH - 1S,12,
TRANSPORE 1 INCH - 1S,-12,
TRANSPORE 1 INCH - 1S,2,
TRANSPORE 1/2 INCH - 1S,24,
TRANSPORE 2 INCH - 1S,3,
TRANSPORE 2 INCH - 1S,6,
TRIGLIMISAVE 2MG TAB - 1S,0,
TRIGLIMISAVE 2MG TAB - 1S,0,
TRIODERM PLUS CREAM 5G - 1S,3,
TRIOLMEZEST 40MG - 1S,0,
TRYPTOMER 10MG - 1S,6,
TRYPTOMER 25MG TAB - 1S,0,
TRYPTOMER 25MG TAB - 1S,1,
TRYPTOMER 25MG TAB - 1S,1,
TURPENTINE OIL 100ML - 1S,8,
TUSQ DX 100ML - 1S,6,
TUSQ DX TAB - 1S,4,
UDAPA 5MG - 1S,2,
UDAPA S 10/100MG - 1S,1,
UDILIV 300MG TAB - 1S,3,
ULGEL CARDMOM SYP 200ML - 1S,9,
ULGEL CARDMOM SYP 200ML - 1S,1,
ULTRACET SEMI - 1S,3,
ULTRACET TAB - 1S,4,
UNIENZYME TAB - 1S,2,
URIKIND TAB - 1S,0,
URIKIND TAB - 1S,0,
URIMAX D - 1S,2,
URINE CAN M/F - 1S,1,
URISPAS TAB - 1S,2,
UROBAG (ROMO-10) - 1S,2,
USEN DR TAB - 1S,12,
VANTEJ TOOTHPASTE 50G - 1S,1,
VASOGRAIN EC TAB - 1S,17,
VELOZ 20MG - 1S,1,
VENLA XR 75MG - 1S,2,
VENLITE CZ 50MG - 1S,0,
VENTIDOX - BRO TAB - 1S,2,
VENTIDOX M TAB - 1S,12,
VENTIDOX M TAB - 1S,11,
VENTRYL 60ML - 1S,6,
VEPCID SYP 200ML - 1S,1,
VERTIFORD 16MG - 1S,3,
VERTIN 16MG - 1S,2,
VERTIN 24MG - 1S,1,
VERTIN 8MG - 1S,4,
VERTISTAR MD 8MG - 1S,2,
VILDAMAC M 50/500MG - 1S,4,
VILNIP M 500MG - 1S,1,
VILNIP M 500MG - 1S,1,
VINERVE BT CAP - 1S,3,
VINERVE NT TAB - 1S,2,
VINERVE P CAPS - 1S,8,
VISCOJOY TAB - 1S,0,
VITTAMIN OD TAB - 1S,4,
VOBOSE 0.3MG - 1S,0,
VODEW TRIO 0.2MG - 1S,5,
VODEW TRIO 0.2MG - 1S,5,
VOGLIMAC 0.2MG - 1S,10,
VOGLISTAR MD 0.3MG TAB - 1S,9,
VOGLIVIN MG1 - 1S,4,
VOGLIVIN MG2 - 1S,2,
VOLINI GEL 12G - 1S,9,
VOLINI GEL 20G - 1S,5,
VOLINI SPRAY 15G - 1S,4,
VOLINI SPRAY 40GM - 1S,7,
VOLINI SPRAY 60ML - 1S,2,
VOLIX 0.2MG TAB - 1S,5,
VOLIX R 0.3/0.5MG - 1S,3,
VOLIX R 0.3/0.5MG - 1S,7,
VOMIKIND FAST SACHETS 4MG - 1S,12,
VOMIKIND SYP 30ML - 1S,7,
VOVEMAC 50MG - 1S,15,
VOVERAN EMU GEL 30G - 1S,5,
VOVERAN INJ 1ML - 1S,20,
VOVERAN SR 100MG TAB - 1S,1,
VOZET 5MG TAB - 1S,3,
VOZUCA 0.3MG TAB - 1S,1,
WALGLIM M1 TAB - 1S,10,
WALMET SR 500MG TAB - 1S,4,
WALTRA P TAB - 1S,5,
WALTRYP 10MG TAB - 1S,3,
WALTRYP 10MG TAB - 1S,7,
WAXONIL EAR DROPS 10ML - 1S,1,
WELLTOR 10MG - 1S,3,
WELLTOR 10MG - 1S,5,
WHITE LINIMENT 50ML - 1S,21,
WHITEFIELD OINTMENT 20G - 1S,12,
WIKORYL TAB - 1S,6,
WINDOSE SYP 60ML - 1S,0,
WITALAMINZ TAB - 1S,4,
WYSOLONE 10MG TAB - 1S,12,
WYSOLONE 5MG - 1S,6,
WYSOLONE 5MG - 1S,20,
XSULIN R INJ - 1S,2,
XYKAA 500MG TAB - 1S,13,
XYKAA 650 - 1S,11,
XYLOCAINE 2% JELLY 30G - 1S,2,
XYZAL 5MG TAB - 1S,4,
ZANOCIN OZ TAB - 1S,7,
ZEDEX SF 100ML - 1S,10,
ZEDEX SYP 100ML - 1S,11,
ZEEBRAIN 800MG - 1S,3,
ZEET SYP 100ML - 1S,6,
ZENFLOX OZ TAB - 1S,12,
ZENREMAC 150MG - 1S,18,
ZENREMAC 150MG - 1S,30,
ZENREMAC 150MG - 1S,27,
ZENREMAC 150MG - 1S,51,
ZEPTOL CR 300MG - 1S,0,
ZERODOL 100MG TAB - 1S,2,
ZERODOL 100MG TAB - 1S,10,
ZERODOL P TAB - 1S,7,
ZERODOL SP TAB - 1S,9,
ZIFI 100MG DRY SYP - 1S,4,
ZIFI CV 200MG TAB - 1S,2,
ZIGLIM 1MG - 1S,2,
ZIGLIM M2 TAB - 1S,4,
ZIMIG 250MG - 1S,3,
ZINCODERM CREAM 15G - 1S,1,
ZINCOLIFE 20MG SYRUP 50ML - 1S,3,
ZINCOVIT DROPS 30ML - 1S,3,
ZINCOVIT SYP 200ML - 1S,5,
ZINCOVIT TAB - 1S,7,
ZITEN 20MG - 1S,2,
ZOLE F  ONT 15G - 1S,1,
ZOLFRESH 10MG - 1S,2,
ZOLFRESH 5MG TAB - 1S,5,
ZOXAN EYE ONT 10G - 1S,5,
ZUKANORM M 500 MG - 1S,3,
ZYLORIC 100MG - 1S,7,
ZYRCOLD SYP 100ML - 1S,5,
ZYRTEC SYP 60ML - 1S,3,
ZYTEE GEL 10ML - 1S,2,